<pagescount>
	<total_html_pages>1</total_html_pages>
	<html>1</html>
	<img>79</img>
	<js>5</js>
	<css>9</css>
	<pdf>0</pdf>
	<xml>0</xml>
	<txt>0</txt>
	<fonts>14</fonts>
	<is_pretty_url>false</is_pretty_url>
	<is_ebn>false</is_ebn>
	<theme_name>WDO_theme</theme_name>
	<server_url_front_page>https://www.waybackmachinedownloader.com/website-downloader-online/scraping/files/live/astheme.ourdreamit.com_tvkprasad29_gmail.com_48zi470n45y</server_url_front_page>
	<hosted_domain></hosted_domain>
</pagescount>